180 Solar Power,11.679611454586878,0.001,0.0009117800139689387,3.092842176061016
1St Choice Solar,18.105455731778953,0.001,0.0009799999999999015,6.163218229270612
1St Light Energy,15.404269432223316,0.001,0.0009742209018345651,4.354667776570816
2 The T Const.,16.843365450362597,0.001,0.0009799999999999388,6.46341890967822
2G'S Solar Electric,16.208713400335967,0.001,0.0009682537079824105,3.2942707586815803
360 Solar Energy,14.505488996350568,0.001,0.0009742466257689272,1.761981237039285
4 Sons Solar Electric,20.42008423852804,0.001,0.0008873863888273113,4.433606739082244
4Th Day Energy,10.636708276476124,0.001,0.000974833300122837,4.204133571776291
A Plus Solar ,22.48136398208096,0.001,0.0009799999999998675,5.54888870108942
A-1 Contractors,17.88561742110624,0.001,0.0009790675803507997,4.7668981430565065
A-1 Guaranteed,22.067988470852615,0.001,0.000965,5.106626002926488
A.M. Sun Solar,13.136791241605534,0.001,0.0009767456596353045,3.1060580195720604
A1 Sun,26.593993881500907,0.001,0.0009653915058999812,5.013235936817132
Abc Solar,13.810855016646538,0.001,0.0009799999999995565,4.918895191504851
Abudant Energy,13.212212933214198,0.001,0.0009727785780907713,3.4272988717780617
Aca Solar,9.018556975498774,0.001,0.0009799999999992302,3.782301650689255
Active Solar,11.327825577492176,0.001,0.0009821735855364325,4.9987751088002605
Addy Electric,13.516566923712864,0.001,0.0009741129789989589,4.107321725341483
Adr Electric,15.297482318719359,0.001,0.0009799999999995984,3.2740233987692315
Adroit Solar,25.201643085349154,0.001,0.0008925604746691009,4.0045641259698765
Advanced Conservation,12.635992557114857,0.001,0.000980000000000081,3.8081582302473773
Advanced Improvements,15.149722571119225,0.001,0.000968558861603521,4.086559897852477
Advanced Solar Energy,20.38228453150673,0.001,0.0009650643364701362,4.300300877024518
Aikyum,9.634236068941371,0.001,0.0009742377113859546,2.364895610791317
Air Sun Inc,13.61197983149588,0.001,0.0009799999999994368,3.7589392392115237
Albion Power,20.31113266515788,0.001,0.0009711031720372166,5.893918166469088
Aleman Electric,27.029479203671247,0.001,0.0009751759759703019,6.611510718940816
Alex Redin Solar,18.81418670974924,0.001,0.0009780618753724986,4.3217204131592295
Alive Industries,16.812527392257117,0.001,0.0009229364499634769,3.296493791088385
All Bay Solar,17.765240017742467,0.001,0.0009650053867792239,4.841259526924008
All On Electric,13.377343426803257,0.001,0.0009663255884422743,4.2047785603829775
All Seasons Solar,9.936047455466063,0.001,0.0009463146709293795,3.8769911850476406
All Wire Electric,5.647316695194569,0.001,0.0009778346782811347,3.4638384081049978
Allen Energy,16.994857675112282,0.001,0.0009800000000000292,2.7453224888227346
Allstar Contractors,11.752977783612462,0.001,0.0009800000000014942,4.375995157550107
Allterra Solar,22.46342723225148,0.001,0.0009629770099062848,4.863955939987171
Alpha Electric,10.038509302972399,0.001,0.000980000000000098,3.660807553457739
Altadena Energy & Solar,32.05642703090264,0.001,0.000979999999999683,2.553918044571424
Altair Solar,13.334158202706183,0.001,0.0009206858255544288,3.457156695826173
Alternative Energy Sys.,11.110963439149302,0.001,0.000960385269459396,4.400492565745797
Alternative Power Generation,9.672489082969433,0.001,0.0009696221401987334,3.425490306495953
Alternative Power Sol.,22.58678160579274,0.001,0.0009717646135902096,3.530944162556764
Altsys Solar,10.23924971956128,0.001,0.0009784836863212807,2.7829032470979054
Ambassador Energy,9.299642499062067,0.001,0.0009517162099976123,3.8690923996150803
Ameco Solar,12.77133812639416,0.001,0.0009799999999989062,4.59285831812629
American Array Solar,19.822607988207565,0.001,0.0009650309195234792,4.181034166429904
American Solar,17.120249577384268,0.001,0.0009741785483704035,5.000188924428586
American Solar Direct,16.72968125760462,0.001,0.0009618879217870389,4.514944075694372
American Solar Power,16.26489697263402,0.001,0.0009800000000004384,3.0406707353932267
Amgreen Solutions,21.138201284800264,0.001,0.0009800000000001708,5.025288286145694
Amp Electric,17.2495,0.001,0.0009023750000000003,4.21875
Anthem Mechanical,11.237124211443712,0.001,0.0009800000000001281,3.398738307592352
Apex Solar,11.617266745706543,0.001,0.0009750000000000003,3.523999694933822
Applied Electrical,16.51037181996086,0.001,0.0009640000000000001,3.7267232006958033
Applied Solar Energy,16.360945273631838,0.001,0.0008909737029140015,3.660270078180526
Aram Solar,11.78105435247054,0.001,0.000975,3.4705201166686277
Arise Solar,9.030962511320341,0.001,0.0009634184142903793,2.1696479074521875
Ase Solar,12.10653587671549,0.001,0.000979999999999428,4.01519923969625
Asi Hastings,15.275347635027632,0.001,0.0009449640505459279,3.397552352673612
Atech Const.,16.37571726667942,0.001,0.000942545018116268,4.869548614109855
August Roofing,15.632561902768733,0.001,0.0009799999999999796,5.149836088442385
Az Solar,14.348683153669274,0.001,0.0009800000000001346,3.7865990276902264
Aztec Solar,11.746201839820195,0.001,0.0009735574590707557,4.052425050048513
B&B Solar,10.917502833553826,0.001,0.0009718826738134139,3.8442322490646434
Baize Electric,14.656188128178602,0.001,0.000965668274575407,3.4658094485344257
Baker Electric,12.338872697414548,0.001,0.0009049298598438616,3.0049064220164508
Baker Electric Solar,11.744841575316206,0.001,0.0009799999999994826,20.614322599093963
Barnes Solar,11.936899609262348,0.001,0.0009593761102521513,3.041887744267603
Barrier Solar,6.082133222570518,0.001,0.0009744615888839131,2.9551172636392935
Bay Area Energy,10.549479831369437,0.001,0.0009684919317063048,4.386862972239909
Bedrock Solar,11.974146341463415,0.001,0.0008596422764227641,2.2032520325203255
Bella Construction,13.932038481661458,0.001,0.0009768170579577378,4.036547673169199
Bella Electric,16.479668969544978,0.001,0.000978456701021808,3.522894945834808
Besolar Electric,13.290969283277354,0.001,0.000980000000000067,3.411604095563372
"Best Solar Power, Inc",25.84314981964296,0.001,0.0009799999999998308,7.989876720121903
Big Mountain Air,16.02247417147457,0.001,0.0009769098181940158,5.207802227291023
Big Valley,17.344638446199337,0.001,0.0009761545602166521,3.305846323105486
Bishop Heating & Air Conditioning,11.103394854808593,0.001,0.0009799999999996994,3.1533278058227063
Bland Solar & Air,11.711579302428703,0.001,0.0009657638670168892,3.8060545792321765
Bmc Solar,12.623446069469836,0.001,0.0008977605118829983,2.2237202925045705
Borrego Solar,13.961349845021028,0.001,0.00095,2.7640827136599775
Bratton Solar,12.226644025183441,0.001,0.0009745899530154496,3.8828928314702726
Bright Future Solar Energy,13.971134081966115,0.001,0.0009738926714487258,1.448006882991622
Bright Life,12.84542041669791,0.001,0.0009773928521911162,2.6020156783594124
Bright Planet Solar,11.862753145590187,0.001,0.0009328901942410782,0.0
Brother Solar Electric,16.312051167944993,0.001,0.0009613046778880133,4.188372032145755
Brothers Solar,19.447568355172503,0.001,0.000977241619323468,5.4615592089226075
Brower Mechanical,10.660681133396231,0.001,0.0009752158545616864,2.9044850919641676
Bsw Roofing & Solar,10.553502112758892,0.001,0.0009678378378378378,3.867570282032953
Bta Solar,6.996143218303396,0.001,0.000971234904884624,2.7944676398320625
Built Green California,14.69902171618881,0.001,0.0009017061497829211,4.650777207983548
Burmax Energy,17.19209809264305,0.001,0.0008904134220390318,2.6381208592096703
Byers Enterprises,17.481768709139384,0.001,0.0009641280634047162,5.778864181448521
Ca Home Solar,24.18027884279638,0.001,0.0009799999999997573,7.628674334841842
Cal Paso Solar Electric,10.580507698898435,0.001,0.0009716484550304693,2.615021108513044
Calafata Const & Electric,11.708082670906201,0.001,0.0008868680445151035,4.082670906200318
California Home Solar,25.074682395644285,0.001,0.0008749546279491834,8.166969147005444
California Premier Solar,12.746711095225464,0.001,0.0009141252839238563,3.866610554473025
California Solar,17.702419571799215,0.001,0.0009477775687909176,3.3670408616545133
California Solar Electric,15.290993779480617,0.001,0.0009683068596747187,4.916896443036346
California Solar Sys.,15.205931356772137,0.001,0.0009596401265970459,0.6671042943603659
Calstate Solar,14.11418780735684,0.001,0.0009800000000002628,4.425855228580793
Calsun Electric & Solar Sys.,4.229286709077724,0.001,0.0009774299657536185,3.4796903231061815
Canopy Energy,22.03003150709488,0.001,0.0009624569413023829,7.063934348193422
Capital Aire,26.168408382119605,0.001,0.0009649999999999999,4.468275245755139
Capital City Solar,13.519907924553891,0.001,0.00096,4.72498111586851
Capital Remodel & Design,13.8389258336145,0.001,0.0009714337697769169,3.283267485860026
Cencal Solar,12.01034530667208,0.001,0.0009733898940888542,3.361733052613579
Centerline Const.,15.982833530943712,0.001,0.0009788297193927217,4.036577802380194
Central California Solar,10.30251344457216,0.001,0.000974932868944616,3.7803350583689066
Certified Solar Pros,19.725136144050055,0.001,0.0009800000000000433,3.765920070268062
Chad Long Solar,13.621396248968324,0.001,0.0009730487804878049,3.1622885657094613
Chico Electric,12.032963583746085,0.001,0.0009666271492871805,3.7930996817265865
Cinnamon Solar,18.029584288646134,0.001,0.000973254820155114,3.6223774158779842
Citadel Roofing & Solar,24.723152418743272,0.001,0.0009625860712755945,3.4151702212542916
Ck Electric,9.679468722537424,0.001,0.0009145014374984365,2.41542639670005
Clayco Electric,12.363804917372029,0.001,0.000884105871288459,3.463442160419186
Clean Energy Of America,17.23157110682689,0.001,0.0009720003794166308,3.6417463805178465
Clean Energy Solar,16.783381924198252,0.001,0.0008811588921282799,3.097667638483965
Clean Energy Solutions,17.07081095192155,0.001,0.0009673856573419292,3.0367834076058537
Clean Rays Energy,12.632536728712203,0.001,0.0009800000000011518,2.796278158671259
Clean Solar,15.648241867587862,0.001,0.0009715781497627789,4.7279287767679685
Cleanfactor Energy,18.705832457996145,0.001,0.0009728461280507352,3.7910730401077033
Cleanspark Llc,15.98790509259259,0.001,0.0008940972222222222,4.511400462962962
Climate & Energy Solutions,16.715569940263027,0.001,0.0009634307333748874,3.8521248630463143
Cm Construction,14.253004022729725,0.001,0.0009737804542223779,4.502777953506027
Cm Electric A-V Automations,11.667082386513766,0.001,0.0008903873592982086,3.4992337367225073
Cmco Electric & Solar,9.341686972912527,0.001,0.000975,3.4879212426934143
Coastal Constructors,11.350224719110193,0.001,0.000980000000000783,3.7819049438232466
Cobalt Power,11.488176582233592,0.001,0.0009724311760540196,5.191331998861006
Comfort Control Heating & Air,14.983390091465404,0.001,0.000965,4.429639488002506
Commercial And Residential Svcs,23.080889579819498,0.001,0.0009799999999997803,6.509211037697724
Complete Solar,18.16729333159782,0.001,0.0009620516581157303,0.8280643066340664
Connect Solar & Electric,6.344396757056969,0.001,0.0009747727637036018,3.67100067504871
Cordell Construction,11.422649971973408,0.001,0.0009800000000004764,2.319815610790388
Cosmic Solar,11.339421131345121,0.001,0.0008912158001231635,3.411348640802322
Countywide Mechanical,10.578160919540231,0.001,0.0008784626436781611,3.035502873563219
Crown Solar & Electric,21.940791875715174,0.001,0.0009799999999998816,4.021418122468232
Csr Electric,15.035918947832318,0.001,0.0009690513580045926,4.255754807285956
Current Solar,9.811093333333334,0.001,0.0008864000000000001,3.0210666666666666
Day One Solar,17.488508258784005,0.001,0.0009712506647570807,4.942949362623012
Daylight Solar Energy,16.524238254685464,0.001,0.0009799999999998254,4.430568094807388
Dc Solar,10.733277173585481,0.001,0.00096416297913913,3.358946289882415
Delta Solar,7.214918354016983,0.001,0.0008917570215545395,1.4824559111691706
Demers Const.,15.853251160140799,0.001,0.0009784246839622405,3.182199494727691
Diablo Solar,13.678934762388975,0.001,0.0009751696280696343,4.69221328526977
Direct Electric Company,16.9194051479323,0.001,0.0009800000000004863,4.833360899884749
Distinctive Home Improvements,21.62515180186451,0.001,0.000909202725846579,4.349830532834192
Distributed Clean Power,14.62392984735557,0.001,0.0009800000000001698,3.673169860344904
Divine Power Usa,10.716849621912221,0.001,0.000964241583962957,3.4000676322497716
Donald P Dick Air Cond.,23.78286782531177,0.001,0.0009658505293269107,3.8084549371559455
Donovan Fidler General Const.,20.648875538516265,0.001,0.000963469064463855,7.277151100747006
Douglas A. Buckley,16.483723869716982,0.001,0.0009800000000002263,3.6082413709293695
Dp Construction,11.555832964200862,0.001,0.0009720526315789476,3.3020577457415534
Drh Electric,14.653088056922254,0.001,0.0009799999999997701,2.258429691921521
Ds Energy Solutions,14.261113681050025,0.001,0.0009638550416858124,3.8408670374393346
Earth Electric,16.511241293921195,0.001,0.0009756692173895784,3.619346786659819
Eco Friendly Remodeling,25.552341192471992,0.001,0.0009435364578480858,5.8866723364031905
Ecoforce Solutions,11.00146586557784,0.001,0.0009127618923732496,3.8519890405619
Ecology Electrical & Development,13.89840484958555,0.001,0.0009176728596845135,15.232031282324145
Econo Air,111.68167732414436,0.001,0.0009799999999999375,11.7137235612388
Economic Energy Solutions,14.062893574897457,0.001,0.0009762016132589105,4.01745328556937
Ecosolargy,13.262136123529652,0.001,0.0009799999999998562,2.5200946084445603
Ees Solar,16.435434658943997,0.001,0.0009706880246849736,4.887107617520814
Effect Energy,17.673770168797486,0.001,0.0009800000000001975,5.890126759639516
Efficient Energy Concepts,16.26578828757142,0.001,0.000953290310393511,1.1555768978643455
Electric Independence,19.51675987564824,0.001,0.0009782629608931519,5.760582051197971
Electric Solar Solutions,19.957810291794832,0.001,0.0009649999999999999,4.172416659738965
Electricare,13.62956394367139,0.001,0.0009800000000006772,3.703976713617583
Electricraft,25.107888537570645,0.001,0.0009764634146341463,4.083372893956629
Element Electric,18.69461735627975,0.001,0.0009649999999999996,4.577077993409007
Element Power,11.868419917762447,0.001,0.0009642354620221635,4.455409034630645
Elite Electric,23.01770598993316,0.001,0.0009651219512195124,5.594380694968198
Elite Electric And Solar,17.0117207005184,0.001,0.0009695213215067139,3.6219779022578917
Elite Solar,10.084193595648133,0.001,0.0009608476428710537,4.592397354430757
Elkco Electric And Solar,11.663114365868765,0.001,0.0009649999999999999,4.068447067681957
Enable Energy,16.195318675154475,0.001,0.0009723844754757395,1.100578791252688
Energy Builders,18.391521695660867,0.001,0.0008916716656668665,5.881123775244951
Energy Concepts,11.587119548829818,0.001,0.0009722662232670317,3.659224736432389
Energy Plus,11.435099795341918,0.001,0.0009800000000001852,1.2149639810488164
Energy Remodeling,23.768027689927035,0.001,0.0009641727075814318,8.218040352957392
Energy Renovation Center,18.78837459196398,0.001,0.0009746099394460226,6.341429503662
Energy Resolutions,13.837637678693236,0.001,0.0009741535441946243,4.328525032688009
Energy Savers,21.30522513601445,0.001,0.0009694423216345868,6.949624866724012
Energy Saving Pros,11.98986367988071,0.001,0.000975092496039176,4.138726266828207
Energy Service Partners,18.774833783002915,0.001,0.0009799999999998863,3.146959854812199
Enver,15.14225769308839,0.001,0.000965,4.7861958214553235
Enver Solar,17.610016386575825,0.001,0.0009551865569762582,14.24513087002595
Epic Home Solar,18.484260415041348,0.001,0.0009761868076142925,1.1075733343735372
Equisolar,21.38429735639038,0.001,0.000965054687603525,5.888425097727422
Eriksson,9.024656002667632,0.001,0.0009318870570697211,3.2208546237360607
Es Electrical,8.254710604504806,0.001,0.000975,3.7339684128477044
Evans Energy,10.949741695640661,0.001,0.0009652475134148324,3.4689586209763705
Evolution Energy,17.26342225243322,0.001,0.000955005123646461,3.9180510799413786
Extreme Solar Solutions,12.290836345262464,0.001,0.0009684314852720535,3.077916587179236
Eznergy Solar,18.90863774469245,0.001,0.0009729192652244591,4.037844724583318
Feather River Electric,46.30017367811656,0.001,0.000965,5.355075260517174
Fidelity Home Energy,24.376926198812388,0.001,0.0009591016275932014,6.625931294728129
Fiedler Building Co,17.197599809885933,0.001,0.0009702641073280334,3.2972545080078355
First Pv,17.440654409547975,0.001,0.0009665422996844843,4.690334159399138
Fluent Solar,18.252329698343004,0.001,0.0008526837558419485,0.8562526554312418
Freedom Solar,15.3169081011213,0.001,0.000969696386141624,4.324132103245097
Fresco Solar,23.08189918222873,0.001,0.000965,2.441108263151471
Fusion Solar,13.850707618187291,0.001,0.0008710930442637761,19.19722975007528
G C Electric Solar,10.715665454545455,0.001,0.0008971927272727273,3.1121454545454545
Gci Energy,14.248777977874964,0.001,0.0008937998456393101,4.026241317211216
Gci Solar,13.55163264979887,0.001,0.0009659962234863902,3.1532075231408654
Gci Solar Llc,14.667854272006538,0.001,0.0009799999999998824,3.3945189939059848
Genesis,13.99466299932,0.001,0.0009799999999991838,4.0825356022792585
Genesis Energy Sol.,9.150205096333126,0.001,0.0008823119950279677,3.736482287134866
Gesc,13.8750363884402,0.001,0.000979999999999543,0.35565158062298646
Gilmore Heating Air & Solar,15.282193640517288,0.001,0.0009662241892155828,5.086145344053074
Gnrg Solar,16.310221878102766,0.001,0.000980000000000159,6.334028648165753
Go Green Solar,12.097374362406661,0.001,0.0009800000000001442,3.991404869972993
Gold Electric,6.3465808699497375,0.001,0.000965,3.0723737303464596
Gold Rush Energy Solutions,17.50751802113891,0.001,0.0009681944587761842,4.050149623361882
Golden Gate Solar Tech,27.81763660940393,0.001,0.0009652021033128628,7.863453286388064
Golden State Power,10.631137003651581,0.001,0.0009755197191148853,4.102437996206
Golden West Energy,12.00303326810176,0.001,0.0009000978473581213,3.4324853228962815
Good Energy Renewables,13.492600956562722,0.001,0.0009800000000001739,6.16678566145763
Gr8 Energy,15.188665933321197,0.001,0.0009583754474905255,3.4962528585369075
Graham Porter Const.,13.091649254975822,0.001,0.000975399841087667,3.688531826608988
Green Air,17.953575784612905,0.001,0.0009756148289821508,4.535829034355438
Green Convergence,13.369993044360337,0.001,0.0009799999999999134,5.7541269017593795
Green Earth Engineering,12.333751076995378,0.001,0.0009699999999999999,4.759275214746352
Green Energy,21.92609523809524,0.001,0.0009037142857142858,3.5282857142857136
Green Hill Remodeling,21.447728106039854,0.001,0.0009799999999998844,7.9286608931908535
Green Homes Of Ca,14.495195084808069,0.001,0.0008828966024260884,4.272462322113113
Green Path Network,34.77589006649734,0.001,0.0009653045672052811,6.942211324343977
Green Power Construction,20.217764098054303,0.001,0.0009206881389469058,5.551280641969881
Green Power Installers,19.83799928859875,0.001,0.000967187454229699,4.03092503086226
Green Solar Technologies,16.86326782424439,0.001,0.0009672015758629756,7.550392024799869
Green Stock Solar,13.224385126471612,0.001,0.0009649999999999997,4.084158992889613
Green Volt Energy,14.968134411683696,0.001,0.0009722811358903212,3.66888553580562
Green Wolf Electric,26.892275234850537,0.001,0.0009650000000000001,7.349218115208623
Greenify,28.496967221618547,0.001,0.0009504352174783033,5.097028526781914
Greg Gayler Const.,19.672970543493296,0.001,0.0009600182547365511,3.724346563407551
Greg Tomsik Const.,9.556802965734283,0.001,0.000954007095928654,3.448948545988497
Greiner Heating & Air Conditioning,26.910502334477133,0.001,0.0009650000000000001,6.438600438769195
Grid Alternatives,26.791205640243962,0.001,0.0009670037675596281,1.2301644235681348
Ground Up Builders,17.404611179006533,0.001,0.0009755904946270525,6.700048552670156
Gti Solar,8.007085842902693,0.001,0.0009649999999999999,4.006835754329658
Guasti Const.,11.421372262033426,0.001,0.0009799999999996981,4.510972544663999
Guyou Construction,14.498445500492874,0.001,0.0009782882350763639,6.290502059028843
Haenggi Home Services,22.557891036878715,0.001,0.0009527229161268923,5.916839963909648
Halcyon Solar,10.323980900902662,0.001,0.0009654004066133312,3.280587634458525
Hammond Electric,10.402576664163384,0.001,0.0009649999999999998,4.197679809352879
Heliopower,11.732866065056397,0.001,0.0009819785514440476,3.3077576283050867
Hibridhome,17.675894204935094,0.001,0.00097757283258155,0.8926651079642342
High Definition Solar,41.52127856102254,0.001,0.0009642499012012524,9.017895610061801
Highlight Solar,19.473636734096388,0.001,0.0009703503444019356,3.947910443627675
Home Energy Sys.,15.010197612708073,0.001,0.0008892843558115524,3.4153489467296994
"Home Networks, Electric & Solar",16.81128399135283,0.001,0.0009666442428035043,5.740911935373763
Home Unplugged,13.228032345013478,0.001,0.0008846181491464513,3.4860736747529204
Homegrown Energy Solutions,18.492626079967856,0.001,0.0008885674100863975,3.352380952380953
Honeys Air & Solar,15.212490424639917,0.001,0.000960635660079245,8.782291203879792
Hooked On Solar,13.518286095352561,0.001,0.0009602021252146364,4.847078760004183
Horizon Solar,15.493654492535759,0.001,0.0009680825659395685,0.9175240796761044
Hot Purple Energy,9.489034027235913,0.001,0.0009799999999996402,4.388807878636488
Housing Const,17.05432066843256,0.001,0.0009752582539334155,5.189251921984132
Howard Electric,13.589524094729885,0.001,0.0009799999999998582,4.059793865887462
Huffman Solar,13.15265521246901,0.001,0.0009699999999999998,3.034033183654363
Hunter Energy Solutions,6.264172669401427,0.001,0.000975,3.1076828462449377
Ilum Solar,15.510207337302866,0.001,0.0009705181465294572,3.5946165096287332
Incentive Solar,11.000746825989543,0.001,0.0008885436893203883,3.7938760268857354
Indaspec,14.376162475595326,0.001,0.0009693762284412313,0.0
Infinity Energy,13.882077636742904,0.001,0.0009733030721216578,4.178800748676862
"Infinity Energy, Inc.",13.126592641987227,0.001,0.0009636097276519902,4.247422799627853
Integrity Solar,11.22173094639031,0.001,0.0009303570796531363,3.570327872407249
Inter Faith Electric,11.005572358084164,0.001,0.0009749999999999998,2.3591693836434064
Interstate Roofing & Solar,26.606942049628913,0.001,0.0009638702301521855,5.515124821950672
Ion Solar,18.21465531155354,0.001,0.0009649999999999999,2.03167279045259
Ispot Solar,17.140726933830383,0.001,0.0008704566635601117,3.9142590866728795
Jamar Power Systems,14.182316697473814,0.001,0.0009065003080714725,2.864078866296981
Jbl Solar Energy,16.42575172036798,0.001,0.0009709758439230966,4.519352193663787
Jenkins Construction,15.441706018069302,0.001,0.0009639680768484379,4.489617698428101
Jim Hammond Electric,12.444790248330413,0.001,0.0009649999999999999,4.300942006835801
Jim Tyler Construction & Solar,11.67691612662675,0.001,0.0009739211650028361,3.828063118363935
Jk Solar,15.560215882951534,0.001,0.000979999999999867,23.53241613300056
Jkb Energy,2.776445905273161,0.001,0.0009706583348234023,1.4446728902357502
Joe Moore Const.,14.06558210472801,0.001,0.0010882053889171325,3.609557702084392
Join Solar Inc,14.211451689918233,0.001,0.0009617134042293298,3.7016445749016325
Keehn Energy,13.645621081982238,0.001,0.0009694940577746144,3.9999122559007905
Kettle Const.,17.836137379261455,0.001,0.0009762794171635461,5.063296747813097
Kurios Energy,11.128582209837916,0.001,0.0009657959111998974,4.806794878840971
Kuykendall Solar,11.571033597280408,0.001,0.0009755248112889257,3.75363790715605
La Power Center,18.322242036897364,0.001,0.0009799999999996764,4.798474384082532
La Solar Group,14.347782008198264,0.001,0.0009737779756553294,3.200184807388377
Laibach Solar,18.988656143088647,0.001,0.0009804057379509032,3.204504531540724
Landmark Capital Inc Dba Solar Energy Collective,15.580567497140215,0.001,0.0009649999999999998,4.540101011352421
Lasalle Solar,14.033332298593825,0.001,0.000979999999998266,4.337066583881818
Leonard'S Roofing,34.35381450543216,0.001,0.0009649999999999973,0.0
Levi Builders,22.000733396662362,0.001,0.0009783965351306877,5.546764168965722
Lifestyle Solar,14.10892937545155,0.001,0.000972210382481206,3.1332308900784973
Limon Electric,18.192392759409103,0.001,0.0009694290553985901,3.3767902919134936
Lp Daniel Engineers & Contractors,14.050250642820627,0.001,0.0008887023797715604,0.9546325049785217
Luminalt Energy Corporation,22.707723699634876,0.001,0.0009607107281401552,6.215939686094066
Magic Sun Solar,10.954348949128578,0.001,0.0009682128460033685,3.432656435809336
"Marthedal Solar, Air & Heating",11.586350418536377,0.001,0.0009756032621991817,3.2384774752176293
Masellis Electric & Solar,7.821671169643735,0.001,0.0009684261821682106,3.55498189693834
Matson-Services,13.333658575115752,0.001,0.0009736887877541822,3.6919588615608356
Mauzy Mechanical,16.48176175698257,0.001,0.0009009190737646215,3.8876104082119833
Mendocino Solar Svc,19.342497263994165,0.001,0.0009669060840663128,4.81663694215881
Michael & Sun Solar,18.860054326368818,0.001,0.000967512278706906,4.595197485826187
Mid-State Solar,7.820355090412996,0.001,0.0009667893954058059,3.17798811261845
Milholland Electric,13.435444270603458,0.001,0.000896308504291295,4.834647843293517
Mission Solar Electric,9.13263914714268,0.001,0.0009339779347960827,3.180860295029131
Moore Heating And Air,29.78219341099837,0.001,0.0009649999999999999,6.1058655893774265
Mother Nature Solar,21.13419295879816,0.001,0.0009680570569901222,3.5448591499589512
Mr. Build,24.315577165505758,0.001,0.0009800000000003883,3.834053664687274
Nationwide Environmental & Const. Services,11.831233927594043,0.001,0.0009753660036277059,2.1881950541570294
Natural Energy Usa,13.78614921474292,0.001,0.0009055404343528649,3.9046728755839935
Neutility Solar,12.977532154340837,0.001,0.0008703175241157557,3.2402934083601287
New Day Solar,10.29872120236434,0.001,0.0009813461944096949,3.531481121874439
New Phoenix Electric,31.09995798700069,0.001,0.000964397484162747,5.724229967625278
New Power,19.89802054555642,0.001,0.0009066410964782633,5.174505498484424
New Power Inc,22.651152309613266,0.001,0.0009800000000000121,5.220555430711675
Newport Power,14.385625,0.001,0.0009054687499999999,4.22
Nexgen Const.,16.887279687292306,0.001,0.000980000000000169,5.178611133576847
Nexus Energy,18.65262659139761,0.001,0.0009678134420169439,0.4551786205272299
Nippon Energy,9.507084617556577,0.001,0.0009800000000017163,4.496357523123593
North Bay Solar Electric,12.049169983088353,0.001,0.000972142352317569,4.274187441629576
North State Solar Energy,8.365195181058981,0.001,0.000965,4.373921230189864
Northern Pacific Power Systems,11.001300832015964,0.001,0.0009721647978816964,4.0992383947977595
Northwest Exteriors,20.561931299957624,0.001,0.0009677834074244307,5.644807997529498
Not Available,13.582106037768769,0.001,0.000960125455123129,3.7845329067451394
Nova West Solar,12.0420558151218,0.001,0.0009751782063459834,3.73415276886739
Now Go Solar,16.327514792899407,0.001,0.0009227810650887574,4.156982248520711
Np Contracting,22.677168185782207,0.001,0.0009799999999996207,5.397770620549791
Np Contracting Inc.,22.1640793821377,0.001,0.0009800000000002107,5.792368757983041
Nrg,19.271699846010993,0.001,0.0009695164791595735,6.282446948604987
Nusolar Technologies,12.182234568163022,0.001,0.0009755443287601518,4.632112640217136
Occidental Power,22.9294308658113,0.001,0.000976167125508438,4.78390621614977
Offline Solar Electric,13.448078835803418,0.001,0.0009687609601941269,3.285095546792887
Ontime Energy,12.520210128565733,0.001,0.0009232800331782117,4.651398553062156
Option One,12.157928095277278,0.001,0.0009814970470011068,4.597338476132916
Other,15.601309623497949,0.001,0.0009800000000000167,3.472916529495205
Pac Solar,15.085339562575815,0.001,0.0009649999999999997,2.855069469825783
Pacific Blue Solar,10.946446622007251,0.001,0.0009589115236548536,3.9643185018172686
Pacific Pro Solar,13.953790405790963,0.001,0.0009501329021329401,3.5843535843537273
Pacific Solar,11.039934290380472,0.001,0.0009633945557934311,3.7536196716860992
Pacwest Power,17.789041285540613,0.001,0.0009812336353670673,4.834272023379092
Palomar Solar,12.646669188660619,0.001,0.0009044410389881809,3.7423389197317833
Panorama Home Improvement,20.27317582501952,0.001,0.0009800000000002988,1.939535096410926
Paradise Renewables,12.951350610797881,0.001,0.0009799999999998154,2.2497259961178546
Pav Solar,8.524907477192214,0.001,0.0009664596756449097,3.9978966138674084
Peace Of Mind Electric,10.471221098040166,0.001,0.0009594271095499694,4.51150906715153
Peak Power,14.80252007065867,0.001,0.0009799999999997317,1.5868527684975156
Peak Power Solutions,25.07142960555366,0.001,0.0008773598372700751,3.2714288816660995
Pell Solar,10.30915271540438,0.001,0.0009810466018938628,2.2416150620502795
Perk Solar,12.435287617410523,0.001,0.0008890907974706857,2.9348271839891953
Perrybuilt Const.,12.167215688951853,0.001,0.0009664146853504924,5.333765723941354
PetersenDean,14.163452528390525,0.001,0.000962425039386597,7.294983153359154
Phoenix Energy Solutions,13.011330944215148,0.001,0.0009732555057696751,4.1771813540047935
Photon Brothers Inc,14.836846778185476,0.001,0.000972298955787952,4.57269020137814
Pingo Solar,8.760549906752066,0.001,0.0009645507840596639,3.2349161928088086
Plan It Solar,10.178648265310999,0.001,0.0009756193724202775,4.036903642554728
Planet Earth Solar,13.059388229301396,0.001,0.0009222347291226342,5.440395616732764
Planet Solar,12.139888230887902,0.001,0.0009744250949979946,4.415397510714682
Planet Solar Inc,15.599119438418628,0.001,0.0009800000000004037,5.030430917632496
Poco Solar Energy,14.538803601741826,0.001,0.0009772370193372206,5.3905269761606025
Polar Solar,16.063239807544996,0.001,0.0009799999999999256,6.156851861230225
Powerhouse Systems,12.722709565581813,0.001,0.0009640201445838214,4.528330999799983
Precis Solar,14.499003415366932,0.001,0.0009722079340508958,1.3320351191189892
Precision Electric,12.819999999999999,0.001,0.0008852264808362367,3.89588850174216
Precision Solar,10.729992229992229,0.001,0.0008942890442890446,2.8527195027195025
Premier Solar Solutions,20.27528409455469,0.001,0.0009800000000002888,3.8812620331828738
Progressive Energy Sol.,9.375870160636387,0.001,0.000980000000000286,4.611522066771647
Progressive Power Group,10.347527294612581,0.001,0.0009800000000002584,3.4853930137270277
Project Planet,14.605936369900878,0.001,0.0009800000000001667,1.1043352850010486
Provoltz,14.18836266842129,0.001,0.0009600000000000001,5.056197753884346
Psg Const.,22.08411946488926,0.001,0.0009629643623420408,5.3177940947320765
Pure Energy Solar,17.9802734375,0.001,0.0008853515625000001,0.0
Pure Power Sol.,15.80797387616399,0.001,0.000975634412313247,4.455189258430844
Pure Solar,13.877727293688848,0.001,0.0009613516961528323,5.98096896663097
Quality First Home Improvement,24.823527758948305,0.001,0.0009648293154202666,6.455618145810934
Quality Home Renovators,21.78380925454716,0.001,0.0010146857035152198,4.264583922344736
Quality Home Svcs,14.719784253336384,0.001,0.0009651214489617923,3.659141738892813
Quantum Solar Designs,15.106473121488397,0.001,0.000980000000000146,4.701942234658152
Quattro Solar,16.851233179380017,0.001,0.0009678334509057514,4.680713243090957
Quick Systems,16.87521924723071,0.001,0.0009774480053919348,1.7701366206287532
Quick Systems Inc,17.03645866741231,0.001,0.0009424975634153311,3.569029781364539
R.T. Maher Const.,9.767379514780613,0.001,0.0009701549010299983,3.0053002568165677
Ra.Solar,18.334197000123066,0.001,0.000964463695669642,4.714279890436668
Ralos Energy,19.029809533047658,0.001,0.0009799999999996198,4.968935831470743
Rancho Solar,10.44124981109264,0.001,0.0009955417863079944,2.2479975819857936
Raneri & Long,17.46310200985969,0.001,0.0009006067500948048,4.688433826317785
Rayco Energy,12.575523004247549,0.001,0.000965,2.9110925859764736
Rc Energy Solutions,20.015367437732603,0.001,0.00090938318770562,5.17129561391597
Rci Solar,11.7289059283972,0.001,0.0009663725713068606,4.476817974223648
Rec Solar,15.489818854951736,0.001,0.0009149492092509867,1.5258279725666715
Rectify Solar,14.707292310271704,0.001,0.0009701308064170593,3.058255893740356
Renew Solar Const.,12.769472640575549,0.001,0.0009800000000001112,6.003563929937888
Renewable Electric,18.668984153280014,0.001,0.0009650000000000001,4.5378379479380255
Renewable Electric Integration,11.908271986370167,0.001,0.0009738783041537932,3.3993846232088596
Renewable Energy Advantage,15.18406656266448,0.001,0.0009800000000001275,4.326804472179449
Renewable Solar,9.11780923521346,0.001,0.000975,3.0627102516432205
Renova Solar,8.762201100151813,0.001,0.0009800000000000923,2.471360096579388
Repower,13.438833546408258,0.001,0.0009660591758792886,2.2995081951721312
Repower Santa Rosa,15.315234995035393,0.001,0.0009687621206571244,4.3778120270092815
Responsible Solar,11.172453434978735,0.001,0.0009710493585652818,3.9969310028034712
Restad Electric,14.750213675213676,0.001,0.0008848824786324788,6.215705128205129
Restart Solar,12.278538356066706,0.001,0.0009688235833447447,1.276312883154272
Revco Solar,13.864317841079462,0.001,0.0009122438780609697,4.75232383808096
Revolt Electric,16.612625045300252,0.001,0.0009799999999996448,4.407868793039359
Revsolar,16.015873824545515,0.001,0.0009678547493289002,2.376143411681381
Richard Herzog Const.,10.725238008055658,0.001,0.0009649999999999998,3.0323141706334678
Rightway Solar Electric,15.240611774567473,0.001,0.0009800000000001422,4.216279069768053
Robert'S Solar,22.142548462773185,0.001,0.0009669230769230771,4.145332757130511
Robinson Electric,10.933579655341628,0.001,0.000964667898276708,3.4927691019830847
Roger,24.32375779691942,0.001,0.0009710948359994909,2.63758645563712
Rooftop Solar,12.070367132867132,0.001,0.0008833041958041957,4.226223776223775
Ross Roofing & Solar,17.28317248319078,0.001,0.0009687703883273109,5.470429492750309
Royal Aire,17.18047770160086,0.001,0.000963616719341178,4.495366719878307
Rrs Construction,18.052352941176473,0.001,0.0008784313725490197,2.681372549019608
Rs Construction,10.958640471992384,0.001,0.0009744708896507963,3.6613185455317647
Rsm Energy,7.183926252921319,0.001,0.0008922357829135289,4.0746559335237595
Run On Sun,15.042253695273084,0.001,0.000979999999999978,4.384746810543374
Sadler Solar Development,9.134058593351128,0.001,0.0009922907016064867,4.2548630978897455
San Diego County Solar,12.561328480436762,0.001,0.0008973612374886263,4.052896572641796
San Diego Solar,7.48657656742201,0.001,0.0008955390712325984,3.5233817701453103
San Diego Solar Install,16.91304461942257,0.001,0.0009548818897637793,4.37007874015748
Sandbar,19.746678948899447,0.001,0.000977313238492333,4.064080009973543
Sass Electric,14.218383110195672,0.001,0.0008843975283213182,2.922245108135942
Sattler Engineering,10.7607476635514,0.001,0.0008945093457943924,3.2710280373831773
Save A Lot Solar,15.071513350751975,0.001,0.0009664046966607187,3.881456315319908
Scafuri Const.,16.638944196782546,0.001,0.0009689473684210526,3.9260655824361708
Scc Solar Energy,18.863655958777404,0.001,0.0009799999999998913,49.24982153520834
Scc Solar Energy Inc,21.06444241316271,0.001,0.0008861517367458867,4.747486288848264
Scudder Roofing Sun Energy Systems,14.98809569030905,0.001,0.0009715616579523609,4.321808719860898
Sea Bright Solar,11.536215668274876,0.001,0.0009799999999998764,2.384266432533522
Secure Roofing & Solar,13.671332894430725,0.001,0.000868631168355452,5.610487132398439
Sel Construction,8.859425038410988,0.001,0.0009749999999999998,2.170729901334666
Self Install,14.912830661203675,0.001,0.0009681191163087165,2.95896588860181
Semper Fidelis Const.,11.586550837114254,0.001,0.0009688350794737589,4.540344511784039
Semper Solaris,15.51773913889171,0.001,0.0009723251456516513,4.5399950127840745
Sepac Energy,9.038633473108938,0.001,0.0009758363869895356,3.484001359978845
Shorebreak Energy,0.7175778070436153,0.001,0.0009835552071206417,4.66161332845619
Sierra Pacific H & C,13.913741136117402,0.001,0.0009747177635373718,4.228852911324375
Sigway Energy,14.163826548178369,0.001,0.000978953602494589,3.4184045482799212
Silicon Valley Energy,14.125818861397455,0.001,0.0009681218873326243,4.170104476276629
Silverline Solar,12.642888281525963,0.001,0.0009775030034894793,7.247115539756965
Simmitri,12.785086574583122,0.001,0.0009576350817756418,6.121259983060579
Simply Solar,18.83508764521735,0.001,0.0009705487134010016,4.794839685667776
Sky Power Sys.,11.516929870329381,0.001,0.0009673697650042012,3.908572049485224
Skyline Energy Savers,18.12151800155754,0.001,0.0009630222997663691,5.9455531169842555
Skytech Solar,23.854451213879013,0.001,0.0009705963493676547,4.302066779148413
Skyway Electric,26.163830614549962,0.001,0.0009695674634769564,4.88029329531357
Slingshot Power,18.212147170690866,0.001,0.0009728910964537079,4.249264747366029
Slingshot Solar,15.046745900597434,0.001,0.0009721781810092796,2.277445870937673
Slo Circuit Electrical,19.67963169760435,0.001,0.0009768532057900172,4.213986220265059
Smart Energy,13.842753175176396,0.001,0.0009596600402652873,0.663449603401046
Smart Energy Solar,15.700629739414069,0.001,0.000967926072042513,0.7374432169469125
Smart Solar,7.761873535495172,0.001,0.000980000000000304,3.8733470020687415
Smart Solar Const.,10.608181294411368,0.001,0.000883541386594968,3.4568849625504128
Smart Solar Power,8.113240513895365,0.001,0.000980000000000281,4.1405365999414325
Smart72,23.57911056483602,0.001,0.0009722583105201408,5.728057433376166
Smit'S Solar Heating & Air,10.789026681698612,0.001,0.000965,4.500150319428787
So Cal Energy Alt,7.152719553827898,0.001,0.000979999999998527,4.677453030435834
So Cal Home Improvement,24.947317029469932,0.001,0.0009721123242831576,7.539305489172601
"So. Cal. Solar, Inc.",20.49042818460565,0.001,0.0009800000000002272,4.465561523429338
Sol R Us,16.23927806598642,0.001,0.0009763084481396229,3.08058771658593
Sol Reliable,22.373330400344084,0.001,0.000979999999999655,7.083150021994867
Sol_Tek Industries,11.881229838291878,0.001,0.0009723702455209637,3.8780016624414873
Solaire Energy,13.845003423419229,0.001,0.0009234871721657886,4.248903048223337
Solar 360 Building Services,12.904376727646216,0.001,0.000977362632076134,4.527699855061011
Solar California Home Improvement Center,23.851853079203554,0.001,0.0009510897849311614,6.835490309539043
Solar Coast,13.708701687909894,0.001,0.0009670151347396422,2.583713498675983
Solar Const. Servicing Center,19.603920082983258,0.001,0.0009770635668078242,5.010479990651208
Solar Contractors,11.140235882911846,0.001,0.0009799999999992805,4.660271573027981
Solar Energy 911,14.444535989422453,0.001,0.000979999999999678,5.025410179542558
Solar Energy Designs,14.73667894375942,0.001,0.0009601267743273262,3.9886180263854847
Solar Energy Exchange,17.35713273996565,0.001,0.0009799999999994655,4.448359651638879
Solar Forward Electric,11.818683941054433,0.001,0.0009800000000000871,4.459106896398598
Solar Installation Group,11.2445169404921,0.001,0.000975,3.978224982312711
Solar Now,11.9879694197766,0.001,0.0009800000000004503,3.5969494895946537
Solar Optimum,10.832307288121283,0.001,0.0009799999999990409,2.821954594213146
"Solar Power Professionals, Inc.",24.381959589081355,0.001,0.0009717084378425886,6.084668931710787
Solar Pros,14.487064384214861,0.001,0.0009799999999998963,5.548053603355817
Solar Revolution,12.426299288974338,0.001,0.0009754820857907452,3.7416642850338184
Solar Roof Dynamics,16.719237749546277,0.001,0.0009003629764065336,7.077858439201452
Solar Solutions 4 U,10.567170880731167,0.001,0.0009800000000002955,0.9524695482615807
Solar Source,9.451602477782043,0.001,0.000980000000000132,3.6102504713174803
Solar Symphony Const.,10.046874204289102,0.001,0.000979999999999169,3.4075345016521705
"Solar System, Inc.",14.550026341558807,0.001,0.0009754121104039673,4.039861126718221
Solar Tec-Systems,19.004139848617477,0.001,0.0008883064723752641,5.138767313732557
Solar Technologies,17.10213374171394,0.001,0.0009606969864909538,5.174208105955927
Solar Universe,13.589432076872459,0.001,0.0009497874742137172,3.9337986070462
Solar Vast,13.704177337992036,0.001,0.0009800000000001522,0.6173839736128237
Solar Ventures,7.906634274327257,0.001,0.0009902214750358111,3.5163658035613334
Solar Watt Sol.,14.827809064092252,0.001,0.0009157951193349425,4.6409493161705555
Solar West Electric,17.694309389735846,0.001,0.0008984754841367945,3.915451174289247
Solar Works,12.789087966556313,0.001,0.0009738518173459584,3.7086501521397506
Solar'S Smart,14.1520184544406,0.001,0.0008832756632064591,2.4605920799692425
Solar-G Electric,14.460515984300997,0.001,0.0009800000000003298,4.9284240044884795
SolarCity,16.882196107563086,0.001,0.0009646419416245874,2.5347626144059006
Solarco Inc,20.910347335879255,0.001,0.000965,4.887434078923441
Solarco Solutions,19.856994001790365,0.001,0.0009649999999999998,5.186081728199244
Solarcraft,16.146776126252455,0.001,0.0009732002623177448,4.996912242533434
Solare Energy,10.913326918786256,0.001,0.0009105310129406516,3.509712460954931
Solargem,13.620255265797528,0.001,0.0009800000000000097,3.898055667001042
Solarhut,14.631471535513418,0.001,0.0009616111812751006,4.761481280781719
Solaris Energy,15.465314887251925,0.001,0.0009396304267637294,0.0
Solarium Energy,12.242573006053352,0.001,0.0008854919177808821,0.5321625756668663
Solarmax,13.969811305152712,0.001,0.0009700966425303655,2.5122724682515853
Solarnorcal,13.909282634668328,0.001,0.0009754616695236613,3.681450314269389
Solaron,11.518636774387883,0.001,0.0009599999999999998,3.689194887903954
Solarponics,13.794018253529226,0.001,0.0009755658600477199,4.239318630741449
Solarquest,14.336083437110831,0.001,0.0009065379825653798,3.0884184308841838
Solarrite,10.634348697630957,0.001,0.0009286943474082631,16.571519002182328
Solarscape Artistry,13.524471210340776,0.001,0.0009055229142185664,4.1286721504112815
Solartech International,13.797083956920014,0.001,0.0009036650266302587,4.894150479157222
Solartime Usa,13.544467699176469,0.001,0.0009662806381098329,2.011543649132552
Solcius,17.944697375462624,0.001,0.000976054845160431,1.0175317467765326
Soleeva,20.093257424480605,0.001,0.0009650000000000001,4.191981419325601
Solex Energies,17.66556609286561,0.001,0.0009720618644916771,3.3671656120080806
Solsource Energy,15.615606446140797,0.001,0.0008801809443030817,3.2809160305343505
Sonray Construction,18.475743445635057,0.001,0.0009679793410122597,3.6462032547941825
South West Solar,21.279797776129147,0.001,0.0009665509130261553,6.9252489557678985
South West Sun Solar,16.472488873800284,0.001,0.000979999999999574,0.0
Southam & Associates,21.340302797276486,0.001,0.0009783152669821833,4.656475974181746
Southern California Solar,25.128330282692698,0.001,0.0008853657379160738,2.7116805640295576
Southland Elec. Contr.,17.195505843069487,0.001,0.0009799999999998688,4.020033388981099
Southwest Solar,15.579454848371368,0.001,0.0009800000000003246,6.180608053747431
"Southwest Solar, Inc",14.560060648725068,0.001,0.0009800000000000212,7.74893593978465
Southwest Sun Solar,15.397984288893783,0.001,0.0009637180563467569,0.0
Sp Electrical,21.87271131696074,0.001,0.0009800000000000238,3.2250594186118167
Sst Construction,15.912089007526205,0.001,0.0009778908339748238,4.087246426573774
Sst Contruction,14.744173288888987,0.001,0.0009742039894161944,3.5494303823961615
Star Sun Solar,17.38977318286193,0.001,0.0009580686849042047,1.9494711296500904
Staten Solar,9.849571906285265,0.001,0.0009649999999999999,2.2776449151577265
Stellar Solar,13.612069057683879,0.001,0.0008978216614236355,3.641626235924117
Sterling Solar,9.487008985879333,0.001,0.0008807188703465982,3.2040308087291396
Streamline Electric & Const.,9.145168192821464,0.001,0.0009649999999999997,3.299499848092333
Sullivan Solar Power,14.209595941306556,0.001,0.0009322011440499104,5.443718876591598
Sun Dollar Solar,16.340647316395128,0.001,0.0009800000000002743,2.963932650206219
Sun Dynamics Electric,24.08325581394988,0.001,0.0009060615153787089,5.374613653412547
Sun First,11.966186618828365,0.001,0.0009610864514918279,3.289691373314843
Sun Kiss Solar,51.16531896354247,0.001,0.0009630293454594512,2.692730110406753
Sun Light & Power,3.5323044739053353,0.001,0.0009734623272386354,17.35958425069628
Sun Metrics Corporation,15.49278891582659,0.001,0.0009675432908029655,3.6143433350791847
Sun Pacific Solar Electric,16.485384914342557,0.001,0.0009759035949746961,4.918550957981932
Sun Plug,8.038325039970212,0.001,0.000979999999998102,4.374950239906223
Sun Solar Energy Solutions,9.058300509253634,0.001,0.0009613643783653793,9.178387584630697
Sun Time Energy,21.31902787704752,0.001,0.0009799999999996543,0.5149144627112789
Sun X Solar,10.890428634557297,0.001,0.000980000000000126,3.9225195838192484
Sunbelt Solar,23.040578257519126,0.001,0.0009800000000000756,5.028198406579674
Suncosmic Builders,19.103632073733987,0.001,0.0009794297609402513,5.456079309088113
Suncraft Solar,9.794668651743144,0.001,0.0008954733166728701,2.844658903599723
Sunergy,14.413300710331816,0.001,0.0009730868289104408,1.2035074402788073
Sunfinity,19.280412292063282,0.001,0.0009696265390167189,1.6710665589574067
Sunfusion Solar,13.198160647991902,0.001,0.0008873692203847452,3.262301721228485
Sungenia Solar Solutions,9.67830771252135,0.001,0.0008883458152673763,3.442386020233872
Sungevity,15.67616652805994,0.001,0.0009698920048456012,2.4338666854378146
Sunkiss Solar,19.244088593793222,0.001,0.0009745917752933326,3.1489527901186345
Sunlectric Inc,9.631871840155837,0.001,0.0009726699395007295,4.75588119996282
Sunlight Solar,19.093475651919363,0.001,0.0009319134172082563,4.679048335276826
Sunline Energy,14.581790881067997,0.001,0.0009004747491395624,3.3774981701456808
Sunlux Energy,13.93987086131515,0.001,0.0009705605890993355,1.758152798510195
Sunnyside Solar,16.19666259344672,0.001,0.000980000000000134,4.430851063830392
Sunon Energy,12.309090363215647,0.001,0.0009686315453124226,4.188361101162967
Sunpower,22.323247805015313,0.001,0.0009646599949645725,4.367377783360509
Sunpro Solar,12.973572557859798,0.001,0.0009685449906326976,2.4391473743451
Sunrise Energy,12.05368315850473,0.001,0.0009750000000000001,4.963508553863726
Sunrise Solar,13.956328591365088,0.001,0.0009677219920650577,4.177060271950783
Sunrise Solar Roofing,14.60367115977366,0.001,0.0009745367345999907,3.8666789345355848
Sunrun,15.57638021567212,0.001,0.0009756533728503448,1.2281493212731383
Sunsolar U S,13.852495877679507,0.001,0.00088103732573827,3.5789236995952622
Sunsolar U.S.,12.631006054501912,0.001,0.0009799999999997977,3.3912957758288216
Sunstreet Energy,34.053203142065335,0.001,0.0009786790074740657,0.0
Sunsystem Technology,17.73010204781604,0.001,0.0009370053554988809,0.6074483684286991
Suntime Energy,21.66644736679431,0.001,0.0009676388117639376,0.0
Sunwork,29.075535045026477,0.001,0.0009670834780924386,2.5479025558565174
Sunworks Power & Electric,14.421369951504545,0.001,0.0009711563615745771,4.300261036100339
Sunworks Solar,19.089393811536542,0.001,0.000980000000000179,3.758320675106173
Sunx Solar,14.522959742351983,0.001,0.0009222190016103653,3.2409436392916744
Super Solar,19.032716498352613,0.001,0.0009697741753840276,4.59807408052931
Supergreen Solutions,11.788561673068717,0.001,0.0008876227059325651,2.9000853606487413
Sustainable Energy,15.148539470412485,0.001,0.0009752058871123706,3.414612005509794
Sweitzer Solar Solutions,11.712301992836395,0.001,0.0009799999999991799,3.6931527848717187
Swiss Renewable Energy,18.677586206896553,0.001,0.0008821162947937794,4.914672075726842
Synergy Solar,13.977778501310498,0.001,0.0009657113484298436,4.234912986146157
Syntrol,15.634464293641589,0.001,0.0009652270839926085,4.645375012167323
T&G Roofing Company,12.371537598215374,0.001,0.00098000000000088,4.395420875424822
T&M Solar & Air Conditioning,15.809198108506232,0.001,0.0009060601480586239,3.9339679624892705
Talbott Solar & Radiant,20.75577777456187,0.001,0.0010473160301587533,4.34541468285553
Taylor Energy Systems,13.623942559245327,0.001,0.0009699999999999999,3.610193442435121
Tea Solar,17.43452091311599,0.001,0.0009765963395177608,4.24200826078823
Ted,11.7094597409089,0.001,0.0009749999999999997,3.248510851001791
The Solar Company,15.30483274378944,0.001,0.0009573857451368987,3.5146052080749306
The Solar Quote,8.225230310499057,0.001,0.0009600000000000001,0.6571066624152224
The United Solar,17.39831435532793,0.001,0.0009714423076923078,5.034558201979016
Titan Solar & Remodeling,15.88164545793033,0.001,0.0009799999999998848,2.8527432795432026
Tlp Electric,11.12316104895398,0.001,0.000966846454362123,4.273909939890042
Top Hat Energy,10.094768046926742,0.001,0.0009649999999999999,2.451985240783374
Transworld Solar,12.287620954287622,0.001,0.0008826159492826161,4.1720053386720055
Trinity Const.,16.197909952918174,0.001,0.0009715360387240594,1.1436907366883566
Triple Line Solar,11.720374484290701,0.001,0.0009258013329101873,3.0782926055220567
True Power Solar,12.598987218202367,0.001,0.0009754625660872752,3.8389593986297172
Tsg,22.532969063549555,0.001,0.0009671065755839404,4.8108221899664025
Turn Key Const.,10.780360152399922,0.001,0.0009687514993135099,3.7411873589753766
Underline Energy,7.224619007129309,0.001,0.0008874746549807052,3.873634639283145
Underline Energy Concepts,16.785226261127907,0.001,0.0009800000000000177,3.072275593471867
Unique Solar,12.868227319809375,0.001,0.0008891158973042644,3.1256730472671412
Unisun Solar,16.458883444848183,0.001,0.0009670718326050244,4.168624723831534
United Express Construction,11.820002627769872,0.001,0.0009799999999995262,4.986656155561904
United Field Remodeling,27.2758055932321,0.001,0.0009800000000007283,6.06195712206104
United Sun Energy,5.6230994342962735,0.001,0.0009743993203632064,3.449824331789526
Univercity Solar Electric,16.710793129203893,0.001,0.0009800000000001756,4.3629395070956285
University City Photons,19.353361344537817,0.001,0.000904044117647059,3.3482142857142856
Uptown Solar,14.014434481449852,0.001,0.0009688888888888888,5.837188063383622
Urban Design Solar,10.646897466051298,0.001,0.0009749999999999996,3.2196070382533053
Urban Energy Solar,13.90778193892024,0.001,0.000979999999999927,3.5459958637373004
Us Green Energy Technologies,12.960498521335024,0.001,0.0008974088156597662,4.808970567525701
V3 Electric,15.250824428283854,0.001,0.0009762834584242884,0.6037709155219428
Valley Solar,12.286399307223528,0.001,0.0009615285027110047,3.548630603228217
Valley Solar Solutions,16.712744244465696,0.001,0.000976563735495197,4.54931989780626
Valley Unique Electric,13.035466411173248,0.001,0.0009711170044370413,3.8722342245684205
Vasco Solar,11.943195287084807,0.001,0.000980000000000112,3.5394346258686893
Velocity Solar Power,12.865896604248777,0.001,0.0009724305154079009,5.268227392882481
Venture Solar Energy,12.962345945209835,0.001,0.0009737878753489639,4.07825869856329
Verengo,19.64781776561935,0.001,0.0009473486977941427,1.2207866640682243
Verza Solar Design,9.403902738046586,0.001,0.0008928075194115243,3.1058438904781367
Via Construction,25.913706820636104,0.001,0.0009800000000002973,4.939079166260428
Villara Corp.,13.283269735273072,0.001,0.0009641860839494395,4.053144129104062
Vision Solar,18.200665056738483,0.001,0.0009650600801775642,2.065890532945988
Vivint,15.961226051824825,0.001,0.000963135919682508,0.14256402049391137
W.G. Contracting,9.556898671700466,0.001,0.00093949050101311,3.4809414128119425
"We Care Plumbing, Heating, Air & Solar",14.410904294401528,0.001,0.0009617552960755723,5.136608564017325
Wegen Solar,14.168195936187137,0.001,0.0009630478492364973,3.2318147442586023
West Coast Solar,19.457767031586698,0.001,0.0009688612772243254,4.106464084734154
Westhaven Solar,13.301242701232775,0.001,0.0009610448209875252,3.227750361583265
Whittington Solar,10.61333929875914,0.001,0.000969171854817713,4.346166581987952
Wicks Roofing,23.096117080888654,0.001,0.0009605699123211813,4.549574790691541
Wing Solar & Wood Energy,12.412328708092733,0.001,0.0009646778419374298,4.171054899594932
Xero Solar,11.857474530829828,0.001,0.000979999999999895,5.008027703305986
Your Energy Solutions,15.861527974318365,0.001,0.0009682072972132396,3.6738382417959388
Your Energy Source,13.186289195439759,0.001,0.0009723536442436056,4.609653218679687
Zero Energy,32.26911902248502,0.001,0.0009501772001035368,11.031102708548843
Zing Solar,17.099754005122744,0.001,0.0008934749903991676,0.3955666945181608
Zsolar,7.849925917350637,0.001,0.0009799999999998866,2.8572462090516435
Zurn Electric,14.271811336175242,0.001,0.0009800000000000724,3.743194598486452
